[
    {
        "name": "custom-lan",
        "slug": "custom-lan",
        "source": "modrinth"
    },
    {
        "name": "entityculling",
        "slug": "entityculling",
        "source": "modrinth"
    },
    {
        "name": "fabric-api",
        "slug": "fabric-api",
        "source": "modrinth"
    },
    {
        "name": "fastload",
        "slug": "fastload",
        "source": "modrinth"
    },
    {
        "name": "ferrite-core",
        "slug": "ferrite-core",
        "source": "modrinth"
    },
    {
        "name": "dark-graph",
        "slug": "dark-graph",
        "source": "modrinth"
    },
    {
        "name": "lambdynamiclights",
        "slug": "lambdynamiclights",
        "source": "modrinth"
    },
    {
        "name": "forgetmechunk",
        "slug": "forgetmechunk",
        "source": "modrinth"
    },
    {
        "name": "title-fixer",
        "slug": "title-fixer",
        "source": "modrinth"
    },
    {
        "name": "entityculling",
        "slug": "entityculling",
        "source": "modrinth"
    },
    {
        "name": "horsestatsvanilla",
        "slug": "horsestatsvanilla",
        "source": "modrinth"
    },
    {
        "name": "brb",
        "slug": "brb",
        "source": "modrinth"
    },
    {
        "name": "krypton",
        "slug": "krypton",
        "source": "modrinth"
    },
    {
        "name": "lazydfu",
        "slug": "lazydfu",
        "source": "modrinth"
    },
    {
        "name": "language-reload",
        "slug": "language-reload",
        "source": "modrinth"
    },
    {
        "name": "midnightcontrols",
        "slug": "midnightcontrols",
        "source": "modrinth"
    },
    {
        "name": "scrollable-tooltips",
        "slug": "scrollable-tooltips",
        "source": "modrinth"
    },
    {
        "name": "advancements-debug",
        "slug": "advancements-debug",
        "source": "curseforge"
    },
    {
        "name": "item-model-fix",
        "slug": "item-model-fix",
        "source": "curseforge"
    },
    {
        "name": "tweakeroo",
        "slug": "tweakeroo",
        "source": "curseforge"
    },
    {
        "name": "viafabric",
        "source": "curseforge",
        "slug": "viafabric"
    },
    {
        "name": "logicalzoom",
        "source": "link",
        "link": "https://github.com/LogicalGeekBoy/logical_zoom/releases/download/v0.0.15/logical_zoom-0.0.15.jar"
    },
    {
        "name": "",
        "source": "link",
        "link": ""
    },
    {
        "name": "",
        "source": "link",
        "link": ""
    },
    {
        "name": "thorium",
        "source": "link",
        "link": "https://github.com/PotassiumMC/thorium/releases/download/1.4.0/thorium-1.4.0.jar"
    },
    {
        "name": "sodium",
        "source": "link",
        "link": "https://github.com/CaffeineMC/sodium-fabric/releases/download/mc1.19-0.4.2/sodium-fabric-mc1.19-0.4.2+build.16.jar"
    },
    {
        "name": "nochatreports",
        "source": "link",
        "link": "https://github.com/Aizistral-Studios/No-Chat-Reports/releases/download/RDT-1.19-v1.1.0/ReportDebugTool-1.19-v1.1.0.jar"
    },
    {
        "name": "lithium",
        "source": "link",
        "link": "https://github.com/CaffeineMC/lithium-fabric/releases/download/mc1.19-0.8.1/lithium-fabric-mc1.19-0.8.1.jar"
    },
    {
        "name": "clearskies",
        "source": "link",
        "link": "https://github.com/grondag/clear-skies/releases/download/fabric-mc119-2.0.96/clear-skies-fabric-mc119-2.0.96.jar"
    },
]