[    {        "name": "lambdabettergrass",        "slug": "lambdabettergrass",        "source": "curseforge"    },    {        "hash": "108344ed05830948e6ab1414efa4f7ab34e6dba9",        "name": "alternate-current",        "slug": "alternate-current",        "source": "modrinth"    },    {        "link": "https://github.com/FakeDomi/FastChest/releases/download/1.3%2B1.19/fast-chest-1.3+1.19.jar",        "name": "fast-chest",        "source": "link"    },    {        "name": "fastanim",        "slug": "fastanim",        "source": "curseforge"    },    {        "name": "cull-leaves",        "slug": "cull-leaves",        "source": "curseforge"    },    {        "name": "better-beds",        "slug": "better-beds",        "source": "curseforge"    },    {        "hash": "79c5af9ebdf16051a2bf5fece904646190595630",        "name": "entity-collision-fps-fix",        "slug": "entity-collision-fps-fix",        "source": "modrinth"    },    {        "name": "3d Chunk Loader",        "slug": "better-fps-render-distance-fabric",        "source": "curseforge"    },    {        "name": "boosted brightness",        "slug": "boosted-brightness",        "source": "curseforge"    },    {        "name": "Kappa",        "slug": "kappa",        "source": "curseforge",        "usage": "Displays Optifine Capes"    },    {        "name": "Enhanced Block Entities",        "slug": "enhanced-block-entities",        "source": "curseforge",        "usage": "Better block models for entities like chests."    },    {        "name": "Recipe Cache",        "slug": "recipe-cache",        "source": "curseforge",        "usage": "Caches recipes for faster load times."    },    {        "name": "logical-zoom",        "slug": "logical-zoom",        "source": "curseforge"    },    {        "name": "Custom Splash Screen",        "slug": "custom-splash-screen",        "source": "curseforge",        "usage": "Displays a custom background on startup.",        "version": "1.18.2"    },    {        "hash": "891842374f5b98c4a1b7cb8f3354db51c91bca9b",        "name": "c2me-fabric",        "slug": "c2me-fabric",        "source": "modrinth"    },    {        "hash": "4b93c69f22e9bdeeca201992e99632824b55f9cb",        "name": "cloth-config",        "slug": "cloth-config",        "source": "modrinth"    },    {        "hash": "6e7a6748dcffaaa4e118dd61e43390de960336f9",        "name": "dashloader",        "slug": "dashloader",        "source": "modrinth"    },    {        "hash": "ff5520d7b10342358575220d88bd39c8cea80dad",        "name": "entityculling",        "slug": "entityculling",        "source": "modrinth"    },    {        "name": "mixin-conflict-helper",        "slug": "mixin-conflict-helper",        "source": "curseforge"    },    {        "hash": "6d29acc99b293b2be7060df6d7c887812bd54e46",        "name": "fabric-api",        "slug": "fabric-api",        "source": "modrinth"    },    {        "hash": "f748552b4fc192034af6143b0b4906943d8b0ed3",        "name": "fastload",        "slug": "fastload",        "source": "modrinth"    },    {        "hash": "14ab2f560fce8f20f5af07129dd71130ab9bb03f",        "name": "ferrite-core",        "slug": "ferrite-core",        "source": "modrinth"    },    {        "hash": "4d1676bca816ce282199882628375a45e7a9e97d",        "name": "iris",        "slug": "iris",        "source": "modrinth"    },    {        "hash": "4ef667c6e053dd22e3e8cfa6299a75069af858ad",        "name": "krypton",        "slug": "krypton",        "source": "modrinth"    },    {        "hash": "0f2b1a29beb9521e11046f76674d78ddc86e1371",        "name": "lambdynamiclights",        "slug": "lambdynamiclights",        "source": "modrinth"    },    {        "hash": "0dfa8b03ed408fb7fdada29e01cfebba02af1049",        "name": "lazydfu",        "slug": "lazydfu",        "source": "modrinth"    },    {        "hash": "d82700772659f65560202f1cbd0e744007b21a75",        "name": "continuity",        "slug": "continuity",        "source": "modrinth"    },    {        "hash": "3b9ef721d453f1909ad795c250f9fab306ac1b75",        "name": "language-reload",        "slug": "language-reload",        "source": "modrinth"    },    {        "hash": "928674a817a9fe6d025583a486b15f14bebe9edf",        "name": "debugify",        "slug": "debugify",        "source": "modrinth"    },    {        "link": "https://cdn.modrinth.com/data/iG6ZHsUV/versions/1.0.5/CullLessLeaves-1.0.5.jar",        "name": "cull-less-leaves",        "slug": "cull-less-leaves",        "source": "link"    },    {        "hash": "da9fa2f47f0f3225ace55822e6083acd272b0dde",        "name": "morechathistory",        "slug": "morechathistory",        "source": "modrinth"    },    {        "hash": "08f98e28057a0fbdb288c947b7871def4b18b176",        "name": "borderless-mining",        "slug": "borderless-mining",        "source": "modrinth"    },    {        "hash": "1f97081fa8da5e2876481da2917c76dcf689382b",        "name": "indium",        "slug": "indium",        "source": "modrinth"    },    {        "hash": "88c0fcf573a511760be66c562b14f9a3a056fee2",        "name": "amecs",        "slug": "amecs",        "source": "modrinth"    },    {        "hash": "7bd52695e82b1ddd1fdb3320154b68bf48dfff37",        "name": "appleskin",        "slug": "appleskin",        "source": "modrinth"    },    {        "hash": "3b48ed460ce30c38e6058fdd0c3d6a221913e4e4",        "name": "reeses-sodium-options",        "slug": "reeses-sodium-options",        "source": "modrinth"    },    {        "hash": "de6fe932555604345477db89b59d59249909c640",        "name": "starlight",        "slug": "starlight",        "source": "modrinth"    },    {        "hash": "95104c6615b7646d9e76be3f23ed3f844ac163d0",        "name": "sodium-extra",        "slug": "sodium-extra",        "source": "modrinth"    },    {        "hash": "6c1b055bce99d0bf64733e0ff95f347e4cd171f3",        "name": "sodium",        "slug": "sodium",        "source": "modrinth"    },    {        "hash": "8414cbce145a5f48102e6cc811dfd1459afe44f3",        "name": "smoothboot-fabric",        "slug": "smoothboot-fabric",        "source": "modrinth"    },    {        "hash": "93d7ff7f8dd4b295cc24e7f44262b60629cfd937",        "name": "not-enough-animations",        "slug": "not-enough-animations",        "source": "modrinth"    },    {        "hash": "b9aa3fe12853f6c4579658dbf1eb254f99409aa2",        "name": "no-chat-reports",        "slug": "no-chat-reports",        "source": "modrinth"    },    {        "hash": "da1f74194bd1e2bea9e47edbb5032492d961b6c2",        "name": "moreculling",        "slug": "moreculling",        "source": "modrinth"    },    {        "hash": "d4fbf49f72a16b0c241d2c5e856292ad4253d9f7",        "name": "modmenu",        "slug": "modmenu",        "source": "modrinth"    },    {        "hash": "cc153c887bc2eb785da032e88388fa3f414d095e",        "name": "memoryleakfix",        "slug": "memoryleakfix",        "source": "modrinth"    },    {        "hash": "8316f71030ffc74af09b781d3281d575b61db0e0",        "name": "lithium",        "slug": "lithium",        "source": "modrinth"    },    {        "name": "no-fade",        "slug": "no-fade",        "source": "curseforge"    },    {        "name": "dont-clear-chat-history",        "slug": "dont-clear-chat-history",        "source": "curseforge"    },    {        "name": "yosbr",        "slug": "yosbr",        "source": "curseforge"    },    {        "name": "tooltipfix",        "slug": "tooltipfix",        "source": "curseforge"    },    {        "name": "item-model-fix",        "slug": "item-model-fix",        "source": "curseforge"    },    {        "name": "midnightlib",        "slug": "midnightlib",        "source": "curseforge"    }]